{"MSE": 2.5404538052228514, "_timestamp": 1685792251.031103, "_runtime": 1.7759439945220947, "_step": 0, "_wandb": {"runtime": 1}}