{"MSE": 2.448334556572059, "_timestamp": 1685792313.727438, "_runtime": 10.275480031967163, "_step": 0, "_wandb": {"runtime": 10}}