{"MSE": 2.4513990219769504, "_timestamp": 1685792340.296851, "_runtime": 11.583388805389404, "_step": 0, "_wandb": {"runtime": 11}}