{"MSE": 2.4534378055962205, "_timestamp": 1685792275.8692412, "_runtime": 5.297913312911987, "_step": 0, "_wandb": {"runtime": 4}}