{"MSE": 2.453289657789073, "_timestamp": 1685792292.3255134, "_runtime": 5.310890436172485, "_step": 0, "_wandb": {"runtime": 4}}