{"mean_squared_error": 2.453983836538874, "_timestamp": 1685791896.561531, "_runtime": 12.112488031387329, "_step": 0, "_wandb": {"runtime": 11}}